Relation,AUROC,AUPRC,AP@50
C0005779,0.9183211637622793,0.8994164259788009,0.8799545175909781
C0011991,0.9141690070276755,0.8887713101605295,0.8407189343575452
C0011860,0.9382869631907363,0.9246350620624186,1.0
C0038395,0.9143542535404868,0.897590290107373,0.927440379973527
C1145670,0.9177669150320595,0.8958969914471466,0.8921582789826465
C0012833,0.9130240833445752,0.888893193618056,0.8758167107023701
C0520474,0.9094514064357907,0.8919793116149598,1.0
C0021400,0.9289141414141414,0.9223250452699077,1.0
C0024902,0.9425665835032484,0.9286369077283159,1.0
C0043144,0.9424389902314345,0.9298403250285807,0.9356825599000778
C0085682,0.9144576658467456,0.8943821252747364,0.8860556050646332
C0020676,0.933429711370925,0.9165834233563631,0.9341208258276755
C0151825,0.9246357709750566,0.9063092698076124,0.9350553030299638
C0013604,0.9124673883955149,0.8865350432902901,0.8909586086652258
C0042571,0.9256865360281796,0.9102033911912931,0.969915635851819
C0009782,0.9369012911286964,0.9340664837772022,0.9450292441122514
C0008325,0.9395492465886308,0.924061870152475,0.9277959602956972
C0013144,0.9125368844408144,0.893943585825814,0.9092888127429356
C0013362,0.9232504832323755,0.9006405163310974,0.9122531067742421
C0031046,0.9169403265152937,0.8933865619417181,0.8386883690724827
C0043246,0.9450443150482722,0.9406044737953401,1.0
C0151908,0.9323281058309759,0.920657198324217,0.969915635851819
C0231807,0.9373802921433148,0.9280273974447173,1.0
C0026946,0.9392356744854105,0.9246386604765597,0.9360048088094767
C0162297,0.9067459826351933,0.8872630894530233,0.8658247728375104
C0235946,0.9211542164878066,0.9005781872713577,0.9293892462047125
C0030554,0.9082230478971793,0.8837060670047425,0.9089783034435132
C0040034,0.8950234604024965,0.8705941346731347,0.8427114345797859
C0032285,0.9149330063139122,0.8994187959208894,0.9485952583127761
C0151723,0.9324042216611258,0.9194830726431583,0.9495450971310242
C0036983,0.9251909091333168,0.9119374260618767,0.9638321582377566
C0025286,0.9601442658875091,0.95092082046618,0.9663350567884812
C0027121,0.9210939381607687,0.9031741054355468,0.8673235773415818
C0027022,0.9500739644970413,0.9514373994499927,0.8778764216051439
C0013384,0.8996929395773543,0.8777845628468998,0.8687213095619445
C0016436,0.9209801567685898,0.8958939033795631,0.8615011715773007
C0004610,0.9310463446306791,0.9176734612893539,0.9504134401309579
C0003873,0.9420059002329667,0.9331704576266504,0.9588069436862261
C0575090,0.9200738024663954,0.9079976610009645,1.0
C0442874,0.9114478652958322,0.8955491788666246,1.0
C0678222,0.9391034200359629,0.9251656675995675,0.9488187975907714
C0700594,0.9233682334595679,0.9120684561624717,1.0
C0011849,0.9256414154898936,0.9058085626844883,0.9007574566888087
C0024141,0.9339536880381809,0.9130069215368177,0.8936194662202168
C0042029,0.9228743768348663,0.9081974804776731,1.0
C0027497,0.9019906038442886,0.8871836199332137,0.9779148555444378
C0262385,0.9204990766181703,0.9136008240009943,0.944694356777364
C0002622,0.9187450329460288,0.9001776239754116,0.9227323360794365
C0917801,0.9119456226893309,0.8928804866883644,0.9787751700680271
C0020615,0.9005906356349092,0.8713107905367731,0.8585911608662746
C0011168,0.9337066654561381,0.9238594003272509,1.0
C0008033,0.9131732434492457,0.8947731505679243,0.9309093107338515
C0011615,0.8932087184050217,0.8698741793416198,0.9215635866492145
C0042487,0.902256779314213,0.8850791827495665,0.910015893233411
C0017152,0.9308482033932053,0.9148276143259916,0.9711857971421415
C0009806,0.9214373769159969,0.9029234194373786,0.9783496381531335
C0036689,0.9641523313716613,0.9612172179558381,0.9791918367346938
C0026650,0.9179568147595866,0.9043258273376571,0.892257758651708
C0042909,0.9595616024187453,0.9473998321132324,0.9305988014344291
C0038362,0.9331888105036252,0.9167719405466955,0.9647017234551478
C0029408,0.9277738853028428,0.9037314077413425,0.9153371523582876
C0037315,0.9401831247239689,0.924377535975764,0.9787751700680271
C0033687,0.9187015225509911,0.9021055599226324,0.9774704110999933
C0012569,0.9272523842506261,0.8976052182033962,0.8357381187083364
C0035309,0.9367779878176853,0.9346650088825236,1.0
C0016977,0.9411788455490485,0.933433031875971,1.0
C0013473,0.9368986232856742,0.9278697303401038,0.9705607971421415
C0004144,0.935061217737734,0.921637547216253,0.9550471397646575
C0018681,0.9113407252798609,0.8848770922480507,0.8379341678354129
C0008350,0.9238432396932786,0.9005166529847343,0.9150305540391203
C0027051,0.918570660786778,0.89625811634521,0.7908028556149779
C0030794,0.9248875432525951,0.9010030766280736,0.8443628908986252
C0004238,0.9158148510071008,0.8966094315520204,0.9116907231653839
C0005697,0.9453272684310019,0.9468831987321058,1.0
C0011606,0.9003460207612457,0.8791745176302864,0.8801942242190418
C0020517,0.8911615367261797,0.8768726838828925,0.9443730360905538
C0011175,0.9074277020914998,0.884504448586217,0.8749577590107321
C0030193,0.9178184905726441,0.9013890195092911,0.941435306077274
C0152031,0.9282230650006335,0.911537514118199,0.9073249465352915
C0004604,0.9201802394683449,0.9007644117079949,0.7939668413975474
C0030196,0.9119762191275366,0.8903878087277455,0.8984035991431856
C0039239,0.9306672267730868,0.9192186386277503,0.9550471397646575
C0018808,0.9253214434349604,0.9048275986633779,0.9423135542060825
C0018524,0.9172097806448979,0.8950272266122102,0.939141616531225
C0039070,0.9028093037664797,0.8772906410325176,0.8487294867385151
C0019079,0.9092781244729295,0.8977871389382073,1.0
C0031039,0.9222282470514371,0.906320286888927,0.9685593140127385
C0035854,0.9551493251142522,0.9497097175767936,1.0
C0011882,0.9468926891866107,0.9308203564469747,0.9356086565155062
C0000731,0.9315454698141187,0.9226212817559752,1.0
C0009676,0.9199055216074546,0.8957432005624176,0.8746608512529975
C0005758,0.913980636914531,0.8825758013241,0.8700572300830923
C0043117,0.9141486642624559,0.8988550531237411,0.8964643246596985
C0344232,0.9204139953655741,0.906001947643315,0.967104287557712
C0018944,0.914854048577774,0.9004464022706543,0.9638321582377566
C0019360,0.93406264768431,0.9155335529317629,0.9434406616391173
C0221245,0.9214268727705113,0.9104988676892986,0.9448485437101124
C0025345,0.9144985205591266,0.8862493406117028,0.8081694195204315
C0003850,0.9300306659856254,0.915716100511696,1.0
C0011848,0.9483610822060354,0.9355452792694786,0.9250015983813437
C0004096,0.9330032777654889,0.9146381231963456,0.8763842833552267
C0000833,0.9203216199860749,0.9135728366266881,1.0
C0030446,0.9290774829248123,0.9189554855443094,0.9740476177098445
C0036974,0.8840485671267451,0.8591249651110795,0.8430061045651329
C0026764,0.927963964147588,0.9152998301558221,1.0
C0003123,0.9143287816130349,0.8912528525040511,0.9779148555444378
C0034212,0.9206564015131333,0.9022177228460895,0.9458887083195415
C0037199,0.9398362482853224,0.9274566341829354,1.0
C0575081,0.912939966788331,0.8983722916500734,1.0
C0162283,0.9041924213920989,0.8657042353602992,0.7918742479284836
C0152025,0.9191346355807604,0.9004221947615297,0.8934277818235066
C0020456,0.9157125666735849,0.8947789190754356,0.9364460175138434
C0033860,0.9512067438052029,0.939336309344418,0.9485952583127761
C0162429,0.9250188542951301,0.9055944732250232,0.9599180547973373
C0002871,0.9072939239392052,0.8832219730526041,0.8369819708075896
C0006277,0.9369175213151499,0.9246426709414213,1.0
C0263912,0.9602975957396821,0.9524964919737632,1.0
C0042510,0.8925547979682423,0.8699562336816292,0.8789141818492188
C0010200,0.9174348562302883,0.8987968908755631,0.9255136894197505
C0009421,0.9063221987474179,0.8767225399873257,0.798492495731458
C0243026,0.9149646921531165,0.9013796157717433,0.9356825599000778
C0027651,0.9390943877551021,0.9215730868822463,0.9576304730979908
C0019158,0.900475453255318,0.8833574219373853,0.9304576736062937
C0035455,0.9369880305063203,0.9182546363585682,0.9678450282984528
C0242422,0.8991000035856431,0.8802185668648671,0.876596010737392
C0022104,0.9470882515266429,0.9361993672396571,0.9520801067976246
C0151766,0.9027743553199425,0.8751056437754471,0.8668157427816159
C0015469,0.9317825391683506,0.9155806329545749,0.8940238429852292
C0027343,0.9510765090349865,0.918762337220985,0.8667946729654659
C1260880,0.9410194986452639,0.9282850089043431,0.9755867540121388
C0020542,0.912705196542717,0.8852264745783518,0.8135395777664239
C0042024,0.9357287000684491,0.9211126116878527,0.9579230188097441
C0011616,0.9538845714018998,0.9483137722154873,0.9760745588901876
C0040822,0.903730900409933,0.8909073092112949,1.0
C0267596,0.9318526169178576,0.915818678532594,0.9275864315304557
C0013404,0.9077116972352589,0.8930576551640133,0.973507077169304
C0039240,0.9357709122454414,0.9248367319171414,1.0
C0005745,0.9400686130364768,0.9197472891494866,0.8940785259582714
C0149931,0.9343012328425901,0.9152872498383244,0.9599180547973373
C0242184,0.9038365712835388,0.8772798662124133,0.8002510772539395
C0085593,0.910652826446281,0.8912836046713987,0.8884637102143756
C0024437,0.9421616731997478,0.9290168228831199,0.9356825599000778
C0178415,0.9289244340525029,0.9068561299063436,0.8936625814612685
C0009376,0.9301177003168855,0.9058474059006125,0.9049464839558113
C0017601,0.9344747417110806,0.9242239392808618,0.98
C0080274,0.9249496585868068,0.9147818238234106,0.9750867540121387
C0013428,0.9196365187119682,0.9016131801424063,0.8881582710933078
C0027769,0.9221839841940798,0.9055416944659392,0.9717918577482021
C0017181,0.9005465221188687,0.884531762941235,1.0
C0029927,0.9481175390266299,0.9294950189046974,0.9167818302527735
C0029443,0.9249364259369862,0.9067882716677774,0.98
C0221776,0.933932874676922,0.9177508024928562,0.9729515216137484
C0010692,0.9173555349335736,0.896163796313042,0.8395416815703973
C0423798,0.9397845197964175,0.8998215454924496,0.8090844546379554
C0009938,0.9390522069998597,0.9206124718476525,0.9588069436862261
C0013295,0.919573882314267,0.9085743552902058,0.9685593140127385
C0151786,0.9019119258979891,0.880280727162073,0.9299034232831686
C0013182,0.9141840620206004,0.900669034497482,0.9576304730979908
C0039503,0.924976370510397,0.913165175354563,0.969915635851819
C0043096,0.9062450699462221,0.8904523875709076,0.9663350567884812
C0037299,0.9303793288661518,0.9114126959415443,0.8830064115625604
C0024103,0.9574118282960227,0.9477791316714982,0.9787751700680271
C0031350,0.9490575593429339,0.9368277116329745,0.9299034232831686
C0016053,0.9378038978637475,0.9186947456839136,0.9056211842576447
C0039231,0.909097004939021,0.8898282758705471,0.9609706863762847
C0007787,0.9259852590219269,0.9149128372229861,1.0
C0018418,0.9251342275131211,0.9006825952132986,0.8728874817799239
C0020649,0.9153404205036992,0.8978384705903055,0.8840113624615883
C0035222,0.9148785521573114,0.9015814466193748,0.9485952583127761
C0033036,0.9105065913517122,0.9073423095702308,1.0
C0398353,0.9259549388980214,0.9121512118465234,0.973507077169304
C0023646,0.9514681440443213,0.9468143620643062,0.9647017234551478
C0018802,0.9192972706480897,0.8992624455289187,0.9663350567884812
C0149521,0.9258602138229436,0.9041385759185335,0.9196988497919645
C0024299,0.925472795048049,0.9035415765111543,0.9404549276176172
C1442903,0.931128075678855,0.920753875537882,0.9717918577482021
C0085615,0.9194108741783551,0.8987803758031392,0.940848023883205
C0011609,0.9112142183076439,0.8908616794203917,0.8876134682378358
C0019348,0.9095064664783709,0.8884617044072285,0.8867073898320506
C0027404,0.9162723508197945,0.8923177740610149,0.8735555959906328
C0036454,0.9567007080457712,0.9501701510203622,0.9678450282984528
C0020557,0.937232084155161,0.9330882674946608,1.0
C0700200,0.9370575235051005,0.9321708651197005,1.0
C0042963,0.8950966727993939,0.8685269135191933,0.8769373442740813
C0025297,0.9610252345091823,0.9586024376263725,0.9685593140127385
C0025290,0.9404269133998865,0.9299472611619607,0.9045483066053827
C0008031,0.9252975735129699,0.901824674784219,0.9599180547973373
C1253936,0.95351687876002,0.9504078522464204,1.0
C0016382,0.9074237904432266,0.8862635729154416,0.8900932145597215
C0037763,0.9236009002378082,0.9091866099712679,0.9157856339850753
C0032227,0.9108494100346628,0.8859967970288407,0.8843963663314031
C0039103,0.9094990548204159,0.8853021615283143,0.8709048369163542
C0022346,0.8987476761204066,0.8757375622116925,0.904607516454617
C0023798,0.9191781023246438,0.9044031328621898,0.9711857971421415
C0038454,0.9198015479364293,0.9027321639240651,0.9010392111886442
C0012813,0.9425375179596209,0.9330370476412799,1.0
C0152030,0.9564633163128191,0.9619553801149426,1.0
C0023890,0.9260054145800894,0.9076503331263556,0.9065671451168518
C0020538,0.9134399618301505,0.8930821621762826,0.8959561596271027
C0035078,0.9066070378768791,0.8833867558946182,0.8422354006238622
C0004093,0.9179835731061131,0.9006278998339855,0.9356825599000778
C0022116,0.923889737300816,0.9067192265004512,0.8781842815137431
C0220982,0.9220523203154137,0.8979743304940059,0.8699474750580536
C0042134,0.9311905839746492,0.9049289698374524,0.8548615853635123
C0015967,0.8813572933346872,0.8509652680628916,0.8780303902456
C0231528,0.914594269945826,0.8952707657501198,0.9064914675355016
C0013456,0.940557596026556,0.9305373535645008,0.9563804730979908
C0000737,0.921739024202417,0.9023768832930605,0.7982476709986364
C0028081,0.9335001189060642,0.9224908910362616,1.0
C0032302,0.933278463648834,0.9325931546901629,1.0
C0038663,0.9097164375954463,0.9021779823639188,0.9418730360905537
C0019209,0.9150400713455578,0.8924550256027455,0.9096517747682873
C0043094,0.9244444793213381,0.9128438037105833,1.0
C0022660,0.9056605706038904,0.8899015452911417,0.9355588446266705
C0021311,0.9240157870134774,0.9037795983388843,0.9485952583127761
C0036572,0.8972206763453088,0.8756531753977774,0.9063090647441016
C0149514,0.9526526334177658,0.944304508538973,0.9663350567884812
C0018824,0.9264948950603468,0.9160696283976936,0.9740476177098445
C0428977,0.908483462886755,0.887781905969681,1.0
C0027339,0.9380987088713038,0.9116001111694905,0.8510361870401577
C0026848,0.920650561876039,0.9119174497220347,0.939015893233411
C0002170,0.9234434311897756,0.9097839411723192,0.9787751700680271
C0009241,0.9221465180428293,0.90018878614524,0.9609706863762847
C0014549,0.9056678730746571,0.8928820503744587,0.906244305906634
C0151904,0.8961770569973231,0.8641428406456338,0.8195504909564706
C0085649,0.9214370664577163,0.9047797066912244,0.9629230673286656
C0020540,0.9582612456747406,0.9498423299293995,0.9717918577482021
C0027962,0.9473598001678917,0.9244681473704622,0.8884788586908493
C0004245,0.9391960555534645,0.9391819179878768,1.0
C0020437,0.9339799194044124,0.9231898314300329,1.0
C0006112,0.9177123966942149,0.9046703147617473,0.9467127909590728
C0010709,0.927238979477959,0.9086212519442647,0.9316825599000776
C0151966,0.939648,0.931944038654796,0.9332874924943421
C0020625,0.9142475055631993,0.8962511909676445,0.9504134401309579
C0018800,0.9248044963354469,0.9083077565595501,0.939015893233411
C0851578,0.9351227405982016,0.9221797867144482,0.9529596848790547
C0497156,0.9211935794511927,0.902269307612464,0.9418730360905537
C0032231,0.9264277199119394,0.9087467218028593,0.8964939467077468
C0018799,0.9362081762723093,0.917461099104394,0.9317056765647002
C0019112,0.943675690483478,0.9341563938283209,0.9458887083195415
C0024115,0.9312180648964974,0.9153981199023009,0.9685593140127385
C0015672,0.9181084078840862,0.9051180269511161,0.9443730360905538
C0031256,0.9090690786840632,0.8839477929131975,0.8331255741901932
C0027947,0.8983914588399894,0.8695773101058897,0.9316825599000776
C0262431,0.9279522093572778,0.8989562313733139,0.8894438431343232
C0151827,0.9325964277887355,0.9163328403865668,0.9470457302813738
C0008035,0.9415247377025762,0.9260511930672737,0.9595918367346938
C0231218,0.8968544755113529,0.87013364370323,0.9685593140127385
C0026858,0.9285513244852496,0.9029490058223056,0.9245202148673154
C0033774,0.9034728169933579,0.8785705246098374,0.9005856172319452
C0158252,0.9515893142266769,0.9459361822598725,0.9460402959372567
C0023067,0.9373662788961976,0.9264580046653705,0.9265202148673154
C0010054,0.9257946335890571,0.8979516812185928,0.8931206366824818
C0007642,0.9355483295645126,0.9221555468919083,0.9787751700680271
C0259768,0.9310111111111111,0.9134957295734918,0.8955801902028339
C0037998,0.9089349112426035,0.9095050001511934,0.973507077169304
C0006118,0.9359526123374519,0.9397249158624925,1.0
C0019080,0.908936807801321,0.8861720865247231,0.9367410152209462
C0017672,0.9305829352182381,0.9130595753676737,0.8756581864195726
C0036421,0.8917603148200738,0.8761726775490819,0.8488701114104074
C0004239,0.9268849168261769,0.9079964006935345,0.9471231609103785
C0042594,0.9341921535065989,0.9294303150279242,0.9518663771581868
C0018939,0.916084504671324,0.8983565572332762,0.9235571926936531
C0020458,0.910497271825397,0.8873034443256871,0.8403796660866761
C0020621,0.9267675082077449,0.9067550623655407,0.8714127388477757
C0001339,0.9297227818154239,0.9159213109546799,0.9054669806619071
C0000786,0.8886536642493581,0.8882805127457343,0.9421914582266393
C0020443,0.9251668630552686,0.9115763234406822,1.0
C0221264,0.9142637447135716,0.9035808147090055,0.9281196062278654
C0080179,0.9272688547202727,0.9173180502667779,0.9517359423755779
C0031117,0.9196011624567669,0.9113755056567563,0.9774704110999933
C0435630,0.9499259759000018,0.9414828979194259,0.9692489691851524
C0018932,0.9311328151828024,0.9146315589826617,0.9311534232831685
C0522224,0.9268474698540432,0.9105983892893037,0.921415529886473
C0003467,0.9189902076502248,0.9053246974850774,0.9563804730979908
C0008301,0.9429832680669278,0.9373898613967163,1.0
C0038999,0.9303188430192597,0.9128664312396442,0.9489593140127386
C0027719,0.9057210446154345,0.8674447941662725,0.7495387159208613
C0006325,0.9367345666053866,0.9236668324270338,0.9729515216137484
C0014742,0.9089001550912954,0.8902386673710556,0.92438119935586
C0006840,0.9274804361357121,0.9078293608973014,0.8860873317830318
C0006386,0.939768121406353,0.9164461912141446,0.9058832618829987
C0019291,0.9330901277488874,0.9223791625292926,1.0
C0003537,0.9263184274414598,0.9062388932333227,0.8890712001675278
C0242429,0.9393511858937987,0.919647453576069,0.8931258262732591
C0311394,0.911730049070248,0.8931716535674292,0.9647017234551478
C0014457,0.874581537928452,0.8367292502538884,0.7711651888328889
C0030305,0.9171201730665225,0.8954403813597666,0.8927626666977035
C0034065,0.9059091730231529,0.8895524579297319,1.0
C0878544,0.9314116327511617,0.9188278377633728,1.0
C0009763,0.9179207447613369,0.8930556726565315,0.8774809777502185
C0008767,0.9318884685718383,0.9240101278166507,1.0
C0017565,0.9172793729639975,0.8855561311028086,0.8369262358398841
C1269683,0.9394647369203329,0.9346472491201868,1.0
C0028084,0.9313988657844992,0.9191529401769182,1.0
C1510472,0.9504071082870142,0.9358516626886898,0.8751729231079599
C0242379,0.9313943330851444,0.9156181952342539,0.9429452775872456
C1384666,0.9129414512943574,0.9036431001264035,0.967104287557712
C0040213,0.9566704285079171,0.9471804878823074,0.9485510961387085
C0277925,0.894893968494064,0.8765794676672581,0.8764840657890889
C0006625,0.9270421668205602,0.9154702344735733,0.944349218473945
C0024110,0.9313271604938271,0.9260843767974387,0.8577688955603897
C0028738,0.9233241676575505,0.9190959868153431,0.9425315707300264
C0002874,0.8855462727240131,0.8607750747722696,0.8210734158429949
C0014724,0.9310599706002043,0.9177875020212332,0.9387024755591667
C0016059,0.9274104683195592,0.9218818992731571,1.0
C0159877,0.938586898060167,0.9245109586892424,0.9783496381531335
C0006266,0.9331024574669187,0.9218770458502298,0.98
C0022661,0.9194123443518768,0.8969871458223988,0.910015893233411
C0595939,0.8936071744163936,0.8713077761093043,0.8836612501989268
C0020505,0.9287761918699747,0.9071298206437339,0.9240762402372943
C0003578,0.9095924486943457,0.9021328817961323,0.9663350567884812
C0014591,0.9005745987120338,0.8799915663842106,0.939015893233411
C0022893,0.9476953125,0.9338707728731414,0.9443730360905538
C0014868,0.9339138224491623,0.9227923975532124,0.9678450282984528
C0009917,0.9309046577503675,0.9119024161306583,0.9266825599000776
C0042109,0.9081686756691454,0.8910376161752598,0.976550749366378
C0149801,0.9462689066969002,0.9370832464084855,0.976550749366378
C0004134,0.922148215973535,0.8995677096495165,0.8736220558331457
C0011334,0.9319912576648459,0.9177482652487775,0.9423715942842839
C0456909,0.9141344099276791,0.8906618875397034,0.8847571423802597
C0042769,0.9291610731300702,0.9189867462806797,1.0
C0036337,0.9304912780348878,0.9385606847578295,0.9544757059209173
C0022658,0.9165501808706722,0.8910944209876864,0.7716195637584791
C0030552,0.9357426027003735,0.9199329904034766,0.9192151635861068
C0341047,0.90953125,0.882206141791017,0.7946512736565348
C0750426,0.9127949648789919,0.8897717913093488,0.842676350239499
C0235527,0.9270442871025962,0.9132264675952886,0.9760745588901876
C0040435,0.9415635718965584,0.9322734064028064,1.0
C0003507,0.9507242838541666,0.932571159227335,0.9755867540121388
C0016204,0.9245676461585554,0.9094154982498056,0.9619706863762846
C0010043,0.933372992266508,0.9265984400917251,0.8931973367103737
C0085648,0.9297967730677333,0.9072742729804615,0.9047085468404021
C0030252,0.9060673900192598,0.8799505892124403,0.9161838332326963
C0020672,0.9055610172186962,0.8864808022426034,0.9289952583127762
C0027796,0.9474164259753182,0.924536886724545,0.8915502739543371
C0011053,0.9194878951247526,0.9113550302123293,0.9443730360905538
C0221150,0.9308888888888888,0.9267431771251293,1.0
C0028734,0.9390228373702422,0.9294221850442789,0.9663350567884812
C0037011,0.9340245922331891,0.9236533755886891,0.9638321582377566
C0032533,0.9409432948132223,0.9183394309557056,0.8698382109554358
C0149726,0.9201973529642101,0.9028536739783686,0.9125388434185888
C0041582,0.9226567627508251,0.8983792295004104,0.8824777084013798
C0206504,0.9338666666666667,0.9265582068682532,0.9267119355231331
C0018674,0.9249948146344544,0.897942999922229,0.8698290265773863
C0497247,0.915797423853878,0.895723227181503,0.9211598013814684
C0149871,0.9209005664840114,0.9030952920845899,0.92188119935586
C0025322,0.9339792387543252,0.8963990187892966,0.8069253921392385
C0041834,0.9169658304498269,0.9059517647690193,1.0
C0000768,0.8948633587878935,0.8789190368513657,0.9080173836725237
C0020488,0.9159329566817623,0.8995307891718325,0.9619706863762846
C0016663,0.9183837817965371,0.8958554963887136,0.8549777725112061
C0242362,0.9281604038575574,0.9138129338396379,0.923793503078385
C0221706,0.9351188133655666,0.9244963829404297,0.9539070771693041
C0013491,0.9170181047285424,0.9014217675725779,1.0
C0016167,0.941500833251642,0.9197649588774413,0.8995868425218794
C0018099,0.9313309189678587,0.9205911604123299,0.967104287557712
C0041909,0.9286040874921953,0.912768197885614,0.9387024755591667
C0005001,0.9212216565577104,0.9025684458774103,0.9285560796816686
C0085619,0.9288309099099964,0.9143854432794145,0.9443730360905538
C0003504,0.925545280612245,0.9018050804779822,0.9325281216891758
C0086543,0.9130620651427681,0.8871192306465235,0.845047772187326
C0017658,0.9287337567740808,0.9171339578847384,0.9376865900761985
C0085631,0.8888509224360246,0.8655816625145516,0.8542057820942435
C0014544,0.8999643281807372,0.8846880572083012,0.9506606875114576
C0017675,0.9332675871137409,0.8799788667322752,0.7926270447795994
C0003811,0.9087009059913083,0.8847380095610922,0.8726155697019279
C0008320,0.9430614389278421,0.9293382455296668,0.9486667790666597
C0085610,0.918711293533437,0.9019487853674352,1.0
C0005961,0.9273292336176685,0.9107470964506278,0.911008500165911
C0035522,0.9302313990744038,0.9186329511559367,1.0
C0085096,0.9295481669653446,0.9101533745472459,0.9550471397646575
C0020040,0.9410549597764837,0.9264793902343713,0.9409572323670021
C0017979,0.9160047562425684,0.888287122250714,0.8800984079001364
C0032300,0.9297854364719942,0.9159993025427331,0.9770158656454478
C0014863,0.8737406271741092,0.8502431327687547,0.8571219002467214
C0019196,0.9325705301773081,0.9266248666659396,1.0
C0264545,0.9348442906574395,0.90513569146331,0.8504674328338966
C0085605,0.8945131719473122,0.8654093580046269,0.786897563683326
C0018790,0.8844032687519049,0.8622604362777992,0.9016302616414593
C0015230,0.8949726118444702,0.8644247181583072,0.8116705250263982
C0036439,0.946389413988658,0.9196381813016479,0.8748242081126694
C0013922,0.9211939623494827,0.9013283284195862,0.8849581791894829
C0017168,0.9378849416173446,0.9249932162716017,0.9787751700680271
C0018989,0.9318664014776126,0.9197259003827761,1.0
C0006444,0.9515855952700887,0.9402690869408354,0.9043564503650166
C0043352,0.9233909815912418,0.9000704020484034,0.9242008708545727
C0033975,0.9344079690174703,0.9172948547247773,0.9316825599000776
C0020651,0.9362052434142382,0.928970520628779,1.0
C0020541,0.9227777777777778,0.9137398405735029,0.9563804730979908
C0014118,0.9307780612244898,0.9231726787786299,0.9549739334993183
C0023467,0.9115137311459648,0.8930633755738628,0.939015893233411
C0003962,0.9199421133823741,0.8979692365405788,1.0
C0151699,0.9035811563284091,0.8856830249630001,0.9216955076015688
C0010823,0.9237958762698405,0.9130774425738493,0.969915635851819
C0032584,0.9455793911587822,0.9240380941755169,0.8697942378721719
C0007117,0.9264256893475892,0.9160715749633177,0.9729515216137484
C0027424,0.9288275641979382,0.9035855944178773,0.8608557050082597
C0002792,0.9097127262280953,0.888901750238538,0.8878246938578637
C0018817,0.9365974846022462,0.9339500414292503,0.9492728396727204
C0024117,0.9206822951790199,0.8960512629177392,0.8232379503933622
C0034063,0.907358708584951,0.8834287037054191,0.8248271519244156
C0158328,0.9566534803467721,0.9318056483148489,0.8813243929009346
C0040264,0.9154570618417499,0.894013035875734,0.9048437224668398
C0001122,0.8967894743202254,0.877170566393563,0.910015893233411
C0015695,0.9207440402519467,0.9042208889300161,0.934414460756243
C0220981,0.9141329901682016,0.8922748820945902,0.8806772233545109
C0026769,0.9406099345730027,0.9271739476858836,0.9515857971421415
C0029442,0.9374165091367359,0.9260539846173623,1.0
C0266813,0.9518442401298,0.9472793114496174,0.9729515216137484
C0038814,0.9176584248144729,0.9030110449465802,0.9211834165631619
C0149745,0.9204020914747892,0.9080385000916109,0.9711857971421415
C0027441,0.9266352166418897,0.9054467270823681,0.8908395897746266
C0149925,0.9127157310057529,0.8898191647821695,0.8658314231198844
C0740394,0.9013799117677234,0.8897284869389722,0.9711857971421415
C0005741,0.9525280091927607,0.9458946509289146,0.949970217903971
C0037284,0.9274647687578137,0.9001255231983519,0.8817032522401314
C0006145,0.9451409180884155,0.9322968444995398,0.9098180048049538
C0038436,0.9349150128370908,0.9047641373065307,0.839547180199735
C0151744,0.9187463191109366,0.8988182095609701,0.9266825599000776
C0029456,0.9268714566209657,0.9120988746453488,0.9755867540121388
C0007282,0.9487500381551235,0.9310327154336199,0.925654072825016
C0342579,0.9288888888888889,0.9183998078768496,1.0
C0006849,0.9332530612244898,0.9210970452982234,0.9729515216137484
C0022603,0.970314283997356,0.962236233515497,0.9685593140127385
C0002103,0.9557899502037122,0.9436242800285065,0.9472725511542809
C0026265,0.9406405184748758,0.9180998735710972,0.8934514786778622
C0003486,0.9432801563259271,0.929555497050011,0.9535152404346102
C0162529,0.9532216774069288,0.9375447694537431,0.9520801067976246
C0014553,0.9066664012976545,0.8989893754454119,0.9385330501445216
C0917799,0.9282621407885944,0.9126168860112902,0.939015893233411
C1527336,0.9627977315689982,0.9631122626833543,1.0
C0034887,0.9457644628099173,0.9074864096980068,0.8315824494179168
C0018946,0.8980131389200449,0.8770564428648024,0.8817972163737581
C0702166,0.9246448979591837,0.916665976041741,1.0
C0086769,0.9430779362942218,0.926061521359361,0.9019366947027372
C0023895,0.9023269192620511,0.8845659550584364,0.8831582710933078
C0235329,0.9249965849327232,0.9110892904183989,0.8868395897746265
C0020295,0.9191321759702883,0.9125748355397995,1.0
C0438215,0.8961466551610782,0.880405171282754,0.9655350567884813
C0003864,0.9471202256944444,0.9347896892384553,0.9550471397646575
C0042485,0.9436470921693422,0.9448668490417278,1.0
C0015732,0.9261209685324968,0.9186479433039484,0.9576304730979908
C0035317,0.9371694214876034,0.9050099630726186,0.8547460721811091
C0027092,0.9487603305785124,0.9276992458029047,0.8406180558337171
C0870082,0.9425997644744988,0.9308295235333436,0.9783496381531335
C0007876,0.8669554210672046,0.851146523810677,0.8721114783431813
C0021141,0.9208806631288101,0.9023910332491413,0.9053842833552266
C0151480,0.91747822156476,0.9043183098792871,0.9320882700629308
C0015403,0.9504154008308017,0.9403938880404413,0.9485952583127761
C0042847,0.930536503581771,0.931948161799962,0.9717918577482021
C0024121,0.9395671391556165,0.9285373942961918,1.0
C0836924,0.9245706853075426,0.9037502635780401,0.9365514513492991
C0232492,0.9095387748207108,0.8934551447125139,0.9563804730979908
C0018188,0.9377545408344415,0.9136973721126487,0.8404454929545213
C0003862,0.9212096841619124,0.8999449852447098,0.9125388434185888
C0031154,0.9208354543631512,0.905800237623413,0.9609706863762847
C0021092,0.9309746791536594,0.9017964235941689,0.8452898097853191
C0002962,0.9154409321546108,0.8921867391042791,0.8780893798349293
C0037672,0.944789485408777,0.9295755661079809,0.9363778872847369
C0038358,0.9116944633889268,0.8803894065735618,0.8521222885666814
C0236048,0.9585467128027683,0.9468558802726962,0.9326701135769633
C0020461,0.8999535194821389,0.8795416758701018,0.9485952583127761
C0151706,0.9294040532879819,0.9134032589709247,0.9248737137781394
C0151970,0.9394515563277549,0.912582792111526,0.8547896265164726
C0033953,0.9483301827347196,0.9400286829566287,0.98
C0016169,0.9192702169625246,0.8955123120957653,0.9324801067976246
C0007859,0.9218111526840048,0.9019618911128396,0.8729703113070484
C0029882,0.9326345335730889,0.9187227721558139,0.955594917277445
C0011124,0.9313900912472437,0.905367460574376,0.8654122119529235
C0014130,0.926779706505382,0.9070720645924862,0.9419346313134414
C0024894,0.9211256440745145,0.8826275402879091,0.8157026106252941
C0025061,0.9209183673469388,0.902586277334123,0.8795540803406522
C0270996,0.932590027700831,0.9275643390027064,0.9783496381531335
C0004030,0.9209933297277808,0.9022966323487347,0.9311534232831685
C0035410,0.9059935102118726,0.8904286968376955,1.0
C0005586,0.9322818047337278,0.923773801348445,0.9729515216137484
C0030486,0.9293750000000001,0.923505279888757,0.9774704110999933
C0020440,0.9076677693761814,0.8994177862164676,0.9447087473273192
C0001418,0.9232194944093339,0.9079516813202856,0.9074933570422202
C0030920,0.9361926535589087,0.9220828534618655,1.0
C0041657,0.8917489777391547,0.8667716192936679,0.9283390764981001
C0042345,0.9518653545681314,0.946982449890214,0.9760745588901876
C0031090,0.9419712539021853,0.924066652242993,0.9028913415144588
C0034072,0.9378017002007775,0.9336427251175354,0.9655350567884813
C0149512,0.9551011733649513,0.9469604766639808,0.9441541254785798
C0023530,0.9130917159763313,0.891476779770144,0.9122449236683147
C0206062,0.8906722036936096,0.8542206068193487,0.8030534158846996
C0015802,0.9097776236173738,0.9008478260210262,0.9663350567884812
C0004601,0.9498103037367565,0.9338658909445563,0.910015893233411
C0013395,0.9235166042591334,0.9044039152280018,0.9176138873724535
C0549567,0.8971,0.8818319922900173,0.8358983139099861
C0037928,0.958795294753921,0.9594916283301933,1.0
C0035258,0.9100457489289828,0.8935521661671251,0.9711857971421415
C0558489,0.9559593182208752,0.9417413252921449,0.9655350567884813
C0152032,0.946515554348037,0.9356373660497408,0.9259420004747082
C0007286,0.9449447379576307,0.9251812696347065,0.9029022019990035
C0010414,0.9357422570309719,0.9349602146821767,0.9566992763062673
C0016658,0.9345645002210659,0.918138947169806,0.9755867540121388
C0010034,0.956298828125,0.9425516325846426,0.8883451457492088
C0600139,0.9300057619043524,0.9139384552778044,0.9346403478127148
C0013221,0.9004550388939208,0.8754135149230189,0.8963402150531131
C0521620,0.8793282548476454,0.8477019334464682,0.778033770496847
C0085636,0.918637294288991,0.9060013712965383,0.9550471397646575
C0038450,0.9059007232084155,0.8610593512022549,0.8038852778387556
C0162323,0.9527734462018267,0.9453932096058816,1.0
C0029878,0.9052162098298677,0.8815184469106053,0.8776327080212873
C1136085,0.9508509286067368,0.9401446648221427,0.9188344296267013
C0006852,0.9170364891518737,0.9023142838973607,0.9198480592933288
C0022408,0.9388152631395874,0.9262857970844396,1.0
C0085584,0.9124044066129008,0.8952643968715144,0.9619706863762846
C0020598,0.9201551811860479,0.9003699916039186,0.9184037910532241
C0014534,0.96765625,0.9674550832910215,0.98
C0011127,0.9338131550658424,0.9245550599659311,0.9750867540121387
C0032290,0.9340131210903728,0.924375216979415,0.9638321582377566
C0006144,0.9258938869665513,0.9240681277686341,0.9330722878988358
C0002940,0.9366265788766461,0.92131666789626,0.910015893233411
C0030319,0.9410556213017752,0.9285029091300316,0.9638321582377566
C0002994,0.9077734084387289,0.8846763632530987,0.8956154677583712
C0018784,0.8757613946649864,0.8524769136248089,0.814891043131948
C0004153,0.9320237036515245,0.9262369973172637,1.0
C0007785,0.8999437496401306,0.8681739982638923,0.7747274582469035
C0019693,0.9061111111111111,0.8872795304842429,0.8040224615586231
C0019521,0.9176240735628279,0.9176196917273276,0.9787751700680271
C0020550,0.9286016825984769,0.9160700873098836,1.0
C0032781,0.9363230174611441,0.9353121290619748,1.0
C0476427,0.9683671196257518,0.9693635117954382,0.9583148555444378
C0005747,0.9223403883563001,0.9030875603034572,0.969915635851819
C0015408,0.9450283553875236,0.9503322348680923,1.0
C0001948,0.9119207468829292,0.9055044236380725,0.9779148555444378
C0028754,0.9451309169501133,0.9345253583855372,0.9322186313483766
C0026919,0.9369473279507881,0.9245939111768862,0.8110360988193416
C0392525,0.9368313912009513,0.9178142330020941,0.9588069436862261
C0259817,0.8683071930773392,0.8748026026780901,0.8798327426926044
C0040586,0.9447039515212725,0.9343336776946538,0.9157487390732331
C0034150,0.903174131325142,0.8810654163846043,0.9178688580398011
C0152128,0.9225461478245499,0.8944526251874978,0.7772370738982386
C0040128,0.948126159554731,0.9423021914640809,0.9663350567884812
C0018801,0.9060231131882469,0.8837079878304697,0.9369857000535259
C0013146,0.9287119806600327,0.9019991578209271,0.8826918006020671
C0151611,0.9140677210960125,0.9095810067416915,0.9755867540121388
C0037023,0.9203329369797859,0.8914210292034416,0.8408143692946618
C0031542,0.9144383797759265,0.8898607976362902,0.8753212275987804
C0020433,0.9091248141975586,0.8809276826713703,0.8374003669219295
C0149725,0.8915055327831741,0.853560366942714,0.7479599534973588
C0034186,0.9352931459720553,0.9271816228767229,1.0
C0039591,0.9428835703549542,0.9389581239749112,0.906018570266154
C0011880,0.9093484419263456,0.8887913142228009,0.8713027616965836
C0041952,0.9511634587762137,0.9515420549483541,1.0
C0027080,0.905442041922899,0.8726072928962483,0.8217717707625408
C0018021,0.9267738405858091,0.894669841990656,0.8541525796984578
C0008049,0.9356508875739644,0.930986943556928,0.8427508658261263
C0018965,0.9193377825405752,0.903377014984921,0.9016655672391737
C0018500,0.960524310318549,0.9603000744575882,0.9779148555444378
C0003079,0.9151,0.924389190690418,0.9404549276176172
C0085680,0.9328913602403198,0.9174797445333417,0.9740476177098445
C0015256,0.9436808737100283,0.9277957805793879,0.8879141818492187
C0020502,0.9041035694970254,0.8967782480184695,0.946595258312776
C0014175,0.932787229573619,0.9343431534294662,0.9037628278702566
C0020514,0.9008687903764758,0.8480140791871964,0.7437638994446185
C0004623,0.9249494325028936,0.9025712854729679,0.8962293002205264
C0042384,0.9297863520408164,0.9141281808939129,0.9300283914522544
C0041912,0.9290454470742934,0.9010944875034751,0.8236441484959499
C0242528,0.939008993259911,0.925026568403779,0.9647017234551478
C0039446,0.9109451307095662,0.9021236609460228,0.827787257023715
C0235896,0.9083493516250842,0.8867795741590229,0.9511939604074477
C0015423,0.9649018441403926,0.9617602980560633,1.0
C0014356,0.8619168847932877,0.8397748354986795,0.8082693863014007
C0021099,0.9096501345636293,0.9105636719104409,0.7962054623041688
C0042373,0.9279733727810651,0.9186126765823852,0.9729515216137484
C0011881,0.9446338892677786,0.940136966675714,0.9729515216137484
C0040460,0.9452498867346779,0.9350035144325894,1.0
C0026846,0.9285917182173968,0.9254461465209813,1.0
C0034067,0.9166028914231708,0.8822404802431598,0.8081827614852648
C0278008,0.9337208080949547,0.9384512114602321,1.0
C0149516,0.9382167352537722,0.9301999237822693,1.0
C0027059,0.9280447356158,0.9167127608768857,0.9588069436862261
C0276143,0.9354320987654321,0.9271934847957386,0.9367804730979908
C0085624,0.9276945766051519,0.9171019306968866,1.0
C0085606,0.936930719289939,0.9247247109734957,0.9740476177098445
C1527344,0.9259350532115793,0.9085836308345807,0.9588069436862261
C0281774,0.9375078904178766,0.9369579475035428,0.9135166679991606
C0025323,0.9164246913580247,0.9004177868037946,0.9316825599000776
C0151436,0.9238146856442643,0.9024920498997284,0.8821991357194825
C0271650,0.9414882864266301,0.9234754819040217,0.9256221981553453
C1510475,0.9136180583612454,0.9044629197808615,0.9214256911709253
C0019917,0.913120962352417,0.8737703433192316,0.7847855809231468
C0553723,0.9464852607709751,0.9454103125940747,0.9770158656454478
C0037383,0.9236764310669174,0.9156952252858673,0.9515285996343628
C0392699,0.9338839579224195,0.9106572425540789,0.8796102138789328
C0973461,0.9326951092611863,0.913234579565766,0.9332300476229508
C0042514,0.9292005554453481,0.9234360477301448,1.0
C0239739,0.9326770482047213,0.9183730886473241,0.9745739334993182
C0032326,0.9016298366669578,0.8825815647086563,0.8945560782270213
C0011206,0.9029656135588942,0.8855802480740298,0.944871968141022
C0019270,0.9429351973382986,0.9235138254383283,0.9287455680437929
C0009319,0.9175135335315712,0.9009892532816217,0.9380233166174584
C0004626,0.9371082794506219,0.9271137494491133,0.9563804730979908
C0008311,0.9203619098808563,0.9035559943095843,0.9266825599000776
C0025222,0.8932047629483526,0.864848649942627,0.8527808935872032
C0037052,0.9248422496570645,0.9009311385334219,0.863402242672213
C0017086,0.9292279411764706,0.9246751336238395,1.0
C0011854,0.9221915450536053,0.9076515033895833,0.9516491177803758
C0020255,0.9193228832818601,0.908770992766112,0.9450158851406116
C1510431,0.9609733700642791,0.9576698689534251,1.0
C0740401,0.9485344574061366,0.9407443049271612,0.9638321582377566
C0152027,0.9209742411794621,0.8965948478862867,0.8146454974292638
C0151798,0.8921011656777342,0.8557815161359016,0.7924614619785134
C0917798,0.9331957910126193,0.9193988541290178,0.9717918577482021
C0018924,0.9200600487896416,0.900080418963632,0.8451521229426713
C0032308,0.943849914123398,0.935510392837617,0.98
C0014518,0.9157501235788432,0.9013033597601576,0.9443730360905538
C0151514,0.9485832238693939,0.9456346879427614,0.902557183078033
C0007570,0.9426903114186851,0.9367004163507584,0.9285463310288385
C0011603,0.9158374699579973,0.9022335685644558,0.9327307223867836
C0009375,0.9056122448979591,0.876037973256326,0.7701869619750019
C0085580,0.9673140495867769,0.96293116020555,1.0
C0027707,0.8803164465089272,0.8433863544548874,0.7768594889620779
C0262627,0.9449095328112341,0.9410007277374735,0.98
C0041956,0.92132568359375,0.9024303135427247,0.8865484843716015
C0006826,0.9204249294339385,0.903305524619135,0.9533583542611477
C0015544,0.946455780797505,0.9385439100426407,0.9755867540121388
C0002390,0.9119092627599243,0.8750758819614861,0.8325392693799045
C0035305,0.9079535500101076,0.8634055027225109,0.7694300792015061
C0152029,0.9526901370599302,0.9478036889744668,0.98
C0006152,0.949585798816568,0.9476895302636277,0.8843537090604886
C0038012,0.9497385731151965,0.9461282612537109,0.911624231718011
C0026267,0.946048674537759,0.9412033126896829,0.976550749366378
C0021845,0.8864388851145071,0.8713142050424648,0.9181814747530247
C0028259,0.9349521051459122,0.9259559384727102,0.9755867540121388
C0017574,0.9187778596311603,0.8926849148561462,0.8525664111310302
C0031538,0.9190946930280957,0.8958842485560161,0.8072781815083697
C0024586,0.8980694129503654,0.878082633467274,0.8510366214174148
C0267566,0.9210778061224489,0.9020267632552688,0.8791702813400046
C0011884,0.9453921097079452,0.9293342791313799,0.9213537065246498
C0025874,0.9414325396277,0.9360045198896051,0.9791918367346938
C0149531,0.941842283367173,0.9381444597317822,1.0
C0026986,0.9165480004746648,0.9074429056685336,0.9418730360905537
C0007780,0.8759105098855359,0.8256434579678134,0.7435664169649996
C0023524,0.8825856409393149,0.8650376754561647,0.8446938464598647
C0038525,0.9193298027757487,0.9147946727896775,1.0
C0034735,0.9075082182774491,0.8783539184750361,0.8371072414330396
C0149696,0.9284979423868313,0.9074411943991801,0.8819682656748828
C0151632,0.9342040225283867,0.9162093229620261,0.8988003139952405
C0018621,0.9493699780861942,0.933444189065351,0.9418730360905537
C0009088,0.9363074442354206,0.8778728342226932,0.8093945225632291
C0162834,0.906958861976163,0.9090576662535383,0.973507077169304
C0024236,0.9289396737457679,0.90446139102641,0.8698550426377311
C0024050,0.9276070737463787,0.9127451632471091,0.9337332334882009
C0009946,0.9161782360002826,0.9121456381775138,0.9097723757817032
C0264906,0.9398910755454576,0.932881970166437,0.9426165789995861
C0023518,0.9145165046431261,0.9097501287821678,1.0
C0022602,0.9503395061728395,0.9488452109358612,1.0
C0020473,0.9289352148508884,0.9153786973374608,1.0
C0018926,0.9042798442906574,0.8864343723404818,1.0
C0085614,0.9145570823892503,0.9053908387119841,0.9059126788169669
C0014335,0.930170836661599,0.901597131237928,0.8952683289392721
C0686347,0.9393,0.9263388944090019,0.946595258312776
C0013595,0.923233024691358,0.9127601198965488,0.9511939604074477
C0001824,0.8810540221853436,0.86057152595925,0.9150478417475786
C1621958,0.947021484375,0.9343875102579108,0.8755437009399614
C0030299,0.9013710277393985,0.8846958251830621,0.8530711187419006
C0027813,0.933297277807824,0.9160176777584861,0.9029122991279038
C0085635,0.9123056841105969,0.8931863789338975,0.8899232614717634
C0002878,0.9120879120879121,0.9145488379439557,1.0
C0085602,0.9372853110226846,0.9338810177576176,1.0
C0036341,0.8952746539792388,0.8656159025384207,0.820625785562778
C0018520,0.9370434623813003,0.9294875016633845,0.9201976409094094
C1456784,0.9435343457130313,0.9308755430779707,0.9647017234551478
C0235328,0.9132578524470416,0.9029820764125321,0.8786124622361987
C0041755,0.9353815055433938,0.920905330225435,0.9711857971421415
C0023418,0.9173691513692281,0.8981007701019672,0.8937849727234871
C0029124,0.9290624999999999,0.8903809023855965,0.8478772970016648
C0015300,0.9314413265306123,0.9286816162484381,0.8604635762469484
C0023211,0.9254417395221228,0.9188328451354065,0.9356825599000778
C0220983,0.9359514503926278,0.9260414344847016,0.9418730360905537
C0002453,0.94557076446281,0.9344139095402915,0.9755867540121388
C0151517,0.9147998031021879,0.9011074063585509,0.9352840259736342
C0013298,0.9156208550147944,0.9004058184870589,0.9122218371237176
C0014869,0.9554733793717978,0.9457116694453256,0.9550471397646575
C0029134,0.9336803677663601,0.9215958261079074,0.9755867540121388
C0522055,0.9404562978852815,0.9257618254147226,0.936273681146048
C0032617,0.9304387640993581,0.9214492563201284,1.0
C0007860,0.963374291115312,0.9555363932294759,0.9655350567884813
C0015468,0.9461274867786436,0.9326594391040061,0.9576304730979908
C0016199,0.9482550701777716,0.936420169029457,0.9711857971421415
C0151636,0.9118227172525815,0.8974809179552103,0.946595258312776
C0019193,0.9173235601236666,0.8885235187057865,0.8943101887551234
C0009193,0.9819300269127259,0.9796564804717687,0.9068021599689366
C0037036,0.8983231301570401,0.8933572565572778,1.0
C0019322,0.9066471877282688,0.8954768596685572,0.9451489553925273
C0017160,0.9388447135924965,0.927686540027801,0.9114426060394075
C0005826,0.904636434342312,0.8779244652334318,0.866317597755812
C0008312,0.9547750229568411,0.9249495572684469,0.8996243966347719
C0042420,0.9460519022423785,0.9307044138030633,0.9356825599000778
C0022679,0.9325814325393486,0.9106722533416759,0.8568716842572773
C0042870,0.9364669421487605,0.934867013862406,0.9230806463304853
C0149520,0.9493805473372781,0.9396217508038701,0.9486667790666597
C0227791,0.9029832347140039,0.8789175165827464,0.8534312566169128
C0085583,0.9279073311995123,0.9273663104455876,0.9233002907188694
C0034888,0.9428067523305619,0.9472966557064695,0.8897766648193979
C0037287,0.9434372307933275,0.9299958341481392,0.924765529886473
C0178879,0.9266960722537282,0.9060457280741351,0.8653120768541074
C0034155,0.9108185553633218,0.8907798313822262,0.8809002860973948
C0034069,0.9030605849732669,0.885182046716739,0.9783496381531335
C0040584,0.9332071389940509,0.9038019294345054,0.8546005481004616
C0039504,0.956368,0.9540194371284977,1.0
C0041296,0.9147202998846597,0.8926881764714218,0.867695731692819
C0006267,0.9548260381593714,0.9567549325192082,1.0
C0007820,0.9046147870913072,0.8710317067085916,0.8035065121859688
C0518988,0.9489205908344907,0.9352359814562622,0.9774704110999933
C0156404,0.9507022339523047,0.9489780262030161,0.9655350567884813
C0001623,0.9256514589306797,0.913863623456296,0.9189931766670396
C0030353,0.9077837746668915,0.8869769990122426,0.880347701427163
C0038363,0.9162869822485207,0.8965904663496993,0.8645009358613573
C0019557,0.9393780471223511,0.9280559367139208,0.9678450282984528
C0424230,0.8950737847222222,0.8730834939018177,0.8280589637625161
C0006271,0.939208984375,0.942961373065394,0.9084097292781098
C0034902,0.8816746940222264,0.8871837939152132,1.0
C0036202,0.9501281845858035,0.9470880215309521,1.0
C0030312,0.9033088345353434,0.8740889898963805,0.8669092379753103
C0031212,0.9161763018571032,0.8919976154316597,0.8826708488679574
C0031099,0.9215154503616042,0.9126371063412654,0.9678450282984528
C0005424,0.9437977189178999,0.9283023576670074,0.9311534232831685
C0002064,0.9393388429752065,0.9149342122212859,0.886578257001648
C0034880,0.9080459770114943,0.87405443079788,0.7897714191444976
C0042798,0.8946141638563777,0.870741530734057,0.8537803101792769
C0151971,0.9273504273504274,0.9152799825771869,0.8767890120995071
C0003044,0.9547104078966469,0.9454620869286234,0.9380076456691472
C0038002,0.91841536,0.8966320817954796,0.8692084397395929
C0005818,0.915612711233925,0.8896039124505192,0.8541846965603075
C0007784,0.8902177396550099,0.8534429372996738,0.7589601572246555
C0026821,0.943548820102553,0.9213396021922978,0.903752288187325
C0699885,0.9388050602042372,0.9368898879079527,1.0
C0021390,0.9493243243243242,0.9481447838476199,0.9770158656454478
C0030578,0.9356518117451061,0.9350147606388909,0.9457739553925273
C0036396,0.9483623178822544,0.9388347397827068,0.9471231609103785
C1258666,0.9489795918367346,0.9461834626137711,0.9202463173136699
C0040590,0.9331026528258362,0.9137118824416809,0.8882748438992115
C0042267,0.9519670787514514,0.9457095087051417,0.9779148555444378
C0341163,0.9396219135802469,0.9351248522704991,0.9000711088023895
C1257843,0.916170903190914,0.8948311336496598,0.8759824898441496
C0042025,0.9479925412272012,0.9422255358717512,0.9740476177098445
C0271468,0.9506172839506173,0.9509708631155032,0.94
C0040997,0.9320378601874755,0.9102955282099812,0.9163554296525301
C0034359,0.9308248691905201,0.9233762206859581,0.9171008198321005
C0027709,0.921646220815196,0.9176961646321428,0.973507077169304
C0267112,0.9259657124743548,0.9086034807479595,0.9740476177098445
C0019151,0.8913333333333333,0.8628124312621787,0.7956596517842776
C0740858,0.9370414201183432,0.9317053801534715,0.8874438363238294
C0155540,0.9242666666666667,0.8943349847910511,0.8418929497024482
C0085694,0.9143690546967895,0.8934479666718308,0.9310701135769633
C0497327,0.9155706823224852,0.8900759521484817,0.8724984622879769
C0020490,0.9672727272727273,0.9677528851016738,0.9262708170036745
C0007177,0.9340484429065745,0.9304750534362156,0.9779148555444378
C0022671,0.9361713463690127,0.9325429643292017,0.9411713883592057
C0029163,0.8782684948979592,0.8402761853925748,0.7898157015608501
C0002726,0.9308390022675738,0.9236698838528499,0.9087432744691362
C0003869,0.953673811983471,0.9488902849805787,0.9760745588901876
C0001969,0.9173911085086257,0.906749215126257,0.9140877704069608
C0042928,0.9438835157827612,0.9356315888245175,0.9576304730979908
C0018818,0.9065743944636678,0.8944830012231673,0.864787084659728
C0033581,0.9539878177814636,0.9469993262094366,0.9520801067976246
C0014394,0.9361862569516448,0.9294436191785339,0.939895642930824
C0019572,0.9128962757771623,0.883196131964421,0.7901958281819235
C0033246,0.9381443298969072,0.938599462026181,0.9562165676283689
C0020453,0.9050220309721972,0.8875923164773106,0.8959813052645892
C0037195,0.9366975308641975,0.9162056054839454,0.920015893233411
C0027531,0.9345892674719066,0.9263606056613132,0.9466475511542809
C0042133,0.952873128172281,0.943776832743123,0.9717918577482021
C0086438,0.9375282933454051,0.8985703028983713,0.8388612107284176
C0027822,0.9564043209876543,0.9254708596825808,0.8707098568156343
C0027726,0.8923123150887574,0.8744404312019675,0.9042690469997376
C0009144,0.9653955494559356,0.951341231183758,0.9157003525042464
C0038379,0.9011250000000001,0.8656393643039124,0.8106141768213995
C0012691,0.938050960028982,0.9208628806464033,0.9266804620131697
C0040046,0.9510137550401784,0.9472874827407192,0.9795999999999999
C0025289,0.9016990522682634,0.8755290525226608,0.8068205152487625
C0003635,0.9636105860113422,0.9643453002680915,1.0
C0149721,0.9243211449857857,0.8986112324538548,0.8859157644923061
C0024312,0.9275359649284386,0.9279604739300942,1.0
C0001430,0.9203509459856877,0.9021207342212373,0.9269545583016588
C0024523,0.9062736205593349,0.8899213306826169,0.868771813204174
C0149736,0.9474543413937353,0.9450738933490338,0.9619706863762846
C0014038,0.9048052894627239,0.882674420430922,0.8494880916111943
C0019163,0.9094444444444444,0.8971200846369497,0.893488883753506
C0003615,0.9283904642715424,0.9113879601527586,0.9112910633014384
C0019189,0.9741398865784499,0.9739863027591203,1.0
C0519030,0.9496296296296296,0.9426111754963287,0.9520801067976246
C0040136,0.9255489809335964,0.9078378672304095,0.8749463652538836
C0032310,0.9757977285018928,0.9767240126599723,1.0
C0085662,0.9333648393194707,0.9240814372641799,0.9038242109672439
C0152021,0.9065453686200378,0.8867853823714471,0.8381385319568675
C0019825,0.9483195592286502,0.9405434109940619,0.9587496381531335
C0040261,0.9515994822485208,0.9500987881809779,1.0
C0018991,0.9138119686895042,0.9046778440278627,0.9678450282984528
C0019159,0.9344432882414152,0.9316161524394404,0.8723481039329699
C0162298,0.926379686570125,0.9101617102566985,0.9080173836725237
C0018916,0.9316073536852758,0.9338358397924681,0.976550749366378
C0032768,0.9619560643043514,0.9519978502926443,0.9599180547973373
C0039483,0.9832415059687787,0.9828501650982832,0.9787751700680271
C0205929,0.9430529300567109,0.9265669417855547,0.8978878818349905
C0014009,0.9109782316581565,0.8602437128645496,0.8045144186957373
C0030583,0.9240138408304499,0.9118835566262739,0.9001001136176556
C0574960,0.9634199448395995,0.9566414054181316,0.9619706863762846
C0019655,0.9102132435465768,0.8908711783151678,0.8683618785961437
C0014866,0.9281610455681768,0.9194648753571457,0.9320331515965415
C0038131,0.9334999999999999,0.932739754732306,0.9495450971310242
C0032633,0.979591836734694,0.9806687223844357,0.9558002864072773
C0014488,0.9797970808116768,0.9804085237859489,1.0
C0029400,0.897542690545606,0.8890176798688698,0.9485674772780448
C0699791,0.9103708110251834,0.9148616067377208,0.967104287557712
C0085652,0.9113633619128124,0.8964842158646277,0.86893297512883
C1384606,0.931111111111111,0.9197980902286369,0.8192411685640731
C0025202,0.9328970625368235,0.9054385545078785,0.8284619027918694
C0007868,0.9175497169400494,0.8745963406286201,0.8215321954043894
C0016807,0.9363995837669095,0.9319455376868131,1.0
C0699744,0.9357905177544137,0.9062574218021104,0.8498289773643581
C0001546,0.9490837151187005,0.9412858085926065,0.9412823673175484
C0039520,0.9343951882379149,0.9223547143401846,0.9161209856829292
C0085681,0.9168701171875,0.8779401079422607,0.8177597755016618
C0013405,0.9545901149130676,0.9487125457809987,0.9791918367346938
C0006384,0.9336871189860094,0.9101630298090506,0.8808450591418606
C0262397,0.9554725653547832,0.9563777791880052,0.98
C0006105,0.940194512991726,0.925447867728014,0.8838111593683483
C0302592,0.9315886134067952,0.8918850595950769,0.8348868159627161
C0023903,0.9598226283257189,0.9588995220920895,0.9760745588901876
C0080194,0.9457732254610876,0.9318221062291132,0.9482749358407017
C0162316,0.9348450999078254,0.9153024878997053,0.8967117258085273
C0029925,0.930193496371943,0.922390367469429,0.9685593140127385
C0267716,0.9598742603550297,0.9534907888698687,0.9556830622915483
C0152018,0.8996789098598168,0.9090328831554374,0.9692489691851524
C0035302,0.9260409057706356,0.9118339625471008,0.8340806352089589
C0003874,0.9213290758480263,0.9056118652356482,0.9142730118156056
C0032776,0.9382880413501449,0.937482454581613,0.9745739334993182
C0006107,0.9373480961382663,0.9379081307112809,0.9783496381531335
C0034886,0.9309534769289377,0.9248185173431307,0.9774704110999933
C0262613,0.9604057760985456,0.9597405029931985,1.0
C0149678,0.917764041924214,0.9041570611905765,0.9010963461824926
C0016034,0.9606398949146181,0.9519210518697662,1.0
C0022568,0.9114984155726574,0.8887938014961594,0.827855622715693
C0235974,0.9505342303126236,0.9464566727731978,0.9534460540010216
C0037578,0.9271005917159764,0.927245170133942,0.894727471242964
C0030326,0.9632289571962079,0.9671687973583794,0.9534460540010216
C0007280,0.9235182329950877,0.8958575652932491,0.9266825599000776
C0242301,0.9193356722498868,0.9019728398412776,0.9183406202095807
C0010032,0.9304767905902122,0.9134967560317866,0.8294453683374108
C0152459,0.939554419284149,0.9457674672107168,0.9340569013589233
C0152013,0.9497808619430241,0.9369260162743135,0.9222043373752805
C0699790,0.9096875332128813,0.8755151865998632,0.8487294867385151
C0001126,0.894901144640999,0.8970648676026958,0.9155427993903245
C1261473,0.9488658208381392,0.9279609052628963,0.8236075688894087
C0016479,0.9237869822485207,0.9108167562278948,0.862521461803504
C0026975,0.9482352941176471,0.9345708015446893,0.9032269318385582
C0221166,0.9309438919121786,0.9412287213918455,0.9783496381531335
C0003564,0.9394909312604786,0.9262933120167407,0.9227946419136995
C0037995,0.9142043431826272,0.8881487583129499,0.7832136153568224
C0242172,0.9361702127659575,0.9283516008192152,0.9029736881395553
C0033893,0.9673721340388007,0.9489904512221716,0.9244780251518883
C0021345,0.9207111111111113,0.9089352871840055,0.8740528507100125
C0020162,0.91219918688922,0.8836172236122984,0.8119457948950277
C0079035,0.8794654554982968,0.801858248336179,0.6278861138946232
C0178282,0.9232528925619836,0.8894667733521819,0.8336612030018382
C0024205,0.9350776600377413,0.9304906245522999,0.9550471397646575
C0036508,0.9575803402646503,0.9591165931078032,1.0
C0314719,0.9200935239783662,0.9121433243873502,0.9770158656454478
C0024282,0.9466498634740601,0.9259735296869087,0.8848352495277753
C0007462,0.9743322927506071,0.9717734619328658,0.9745739334993182
C0262578,0.9489777777777778,0.9209703779855519,0.8769857202710643
C0016242,0.9194774407998145,0.9043132661198607,0.9356825599000778
C0003708,0.9617787031528852,0.9564949496333843,0.9475042875577121
C0010055,0.9629148058115213,0.9595543866506138,1.0
C0282005,0.9329024315173899,0.9380604700370272,0.8613525840489291
C0149756,0.9261507555245,0.9092133651938303,0.9019866356977253
C0013390,0.9409668077522834,0.944844132261751,0.9273349405322334
C0042961,0.9095500459136823,0.9075841112068072,0.8692475984790571
C0014733,0.9146090534979424,0.8939353248108176,0.8710585871887331
C0149741,0.9658145065398336,0.962547024462292,0.9177113706487906
C0009326,0.9630911188004614,0.9648575520503891,0.9030340029631589
C0600327,0.9162049861495845,0.9117045183187967,0.9004032849885139
C0032305,0.8991145304107999,0.8707565654211454,0.8230461964693196
C0149778,0.9247,0.9223903315511218,0.9267030432274975
C0002884,0.9027297193387159,0.8545646293248385,0.7144310714013901
C0238154,0.8867924528301887,0.8913511204670636,0.768340441265853
C0042907,0.9241755933627389,0.9128788617033737,0.8377655827232424
C0003126,0.9301414545394942,0.9171325144041801,0.9564745588901876
C0020565,0.9628609325579023,0.9527580274304914,0.9424218108006207
C0004095,0.9514368456226331,0.9529262925541446,0.9453357231972918
C0009324,0.9420974217822782,0.9279806975344252,0.926216242137185
C0318712,0.930922946191168,0.9176813597873206,0.9760745588901876
C0034372,0.9404081632653062,0.9313128251637928,0.8717513568201061
C0033038,0.9391836734693878,0.926905871833783,0.8814529799667795
C0028077,0.9250215455328928,0.9247253267258664,0.8490671720014922
C0259749,0.9502222222222223,0.952411988761879,0.9515285996343628
C0002736,0.9603125,0.9606494749146269,0.9755867540121388
C0015806,0.8907331314878892,0.8782664904633886,0.920015893233411
C0178428,0.9227053140096618,0.920220686936063,0.8364004182008159
C0040456,0.9444204152249135,0.9234942501349301,0.9080804782543414
C0085655,0.9379108838568297,0.9294076170833938,0.916314970012378
C0024198,0.8996786042240588,0.9047986892907864,0.8628809604937127
C0013274,0.8554718795064893,0.8516043059136018,0.8327338780468722
C0040485,0.9103185595567866,0.8993430719937442,0.8518529986135991
C0282488,0.9376315124989479,0.914243970455008,0.8760623033507646
C0022575,0.9339669421487603,0.9098128630439103,0.8946532462763634
C0026896,0.9118787704682563,0.9060583268429733,0.9164737962249128
C0241353,0.9434799382716049,0.9376930048024972,0.9199071443582608
C0750876,0.9353634013214593,0.929311001257201,0.8625783808406452
C0235660,0.964029873494894,0.9656690792832204,0.973507077169304
C0019212,0.937985176088768,0.9082974632465854,0.8433329137382038
C0274435,0.9315570238437231,0.9202163359458165,0.9194158932334111
C0003868,0.9565309809756616,0.9531182553182975,0.9595918367346938
C0026948,0.888202096210696,0.9036409602008775,0.8203887669810368
C0032273,0.9405482378070489,0.9333585904787374,0.8228681504555663
C0009410,0.9153517422748192,0.8861615601232691,0.8315263322039432
C0033845,0.964111328125,0.9590907122118157,0.9047113142850044
C0156369,0.9455215510334882,0.931273326282785,0.9091322167082209
C0020258,0.9142011834319526,0.8915591226655561,0.7796002117743152
C0332687,0.9244391971664699,0.9319388878857513,0.9489593140127386
C0079102,0.9441666666666667,0.9581177608178619,0.9341292527257855
C0270629,0.9119897959183673,0.8968324281771839,0.8565976368083659
C0016412,0.9255576457941415,0.9399089931169342,0.9229225906247452
C0003611,0.9387048937221948,0.9173584922286859,0.8827865796096969
C0152169,0.9259809750297265,0.9341259205157746,0.863930985666001
C0040259,0.944847360431776,0.9204878888634606,0.8750012573724772
C0036830,0.9436734031328626,0.9431270226845484,0.9791918367346938
C0011633,0.8966511776958821,0.896185096794479,0.8561863947731965
C0019284,0.9457815035154138,0.9390851569166945,0.9237783231616626
C0265031,0.936873985938345,0.9160544449654382,0.8852946318156202
C0262414,0.9416454081632653,0.9502029134761127,0.8875652392784324
C1510471,0.9732142857142857,0.9748610961089836,0.9354952574134995
C0243010,0.9198407202216066,0.9237819861753893,0.9168611848217506
C0190211,0.9189623507805326,0.9189484174227958,0.8536277667292849
C0042164,0.9027852893455922,0.8921699865769295,0.8726378943459352
C0011630,0.94013128112268,0.9012075425079495,0.8464774598018276
C0040425,0.950809165197885,0.9491933648374403,0.9305614991250626
C0007078,0.9580930411380238,0.9607541466394292,0.9041478972606386
C0020619,0.9311315443798086,0.9179064465184956,0.8611754710020598
C0019294,0.9470857595115608,0.9378259642677682,0.9516008733418875
C1527407,0.9097633136094675,0.9018486771007198,0.7839429059183398
C0003872,0.9652423469387754,0.9611560411760751,0.9705607971421415
C0005687,0.9267676767676767,0.92571917648827,0.8936854299394758
C0038220,0.9064992735944739,0.9021599670041913,0.9491066516942641
C0015645,0.9191883232467071,0.9117194946530613,0.8233200025467283
C0001818,0.9387633769322236,0.9195088882274102,0.8821783245812134
C0026780,0.9386111111111111,0.915073067752868,0.8579592675888619
C0029936,0.9571330589849107,0.9607954983728635,0.8548856497748011
C0025160,0.9102508650519032,0.9046718391184226,0.854469891374091
C0038833,0.927490234375,0.9319655015414674,0.8854764875508644
C0035220,0.9073433294886583,0.9223100326279753,0.8102402863846688
C0085786,0.9796449704142012,0.9786598422531427,0.9745739334993182
C0006012,0.9598765432098766,0.9615300421853868,0.8865445042404856
C0155773,0.9171472510572857,0.8933344472694132,0.8216225962551779
C0004690,0.9604289940828403,0.964123185641053,0.8708447989641254
C0023885,0.9355264398152512,0.9164479162906423,0.8939135235361672
C0262365,0.9411651234567902,0.9407412966035935,0.9274294490602822
C0038019,0.9659735349716446,0.9551512663396458,0.9189562202629817
C0158986,0.9063588552694489,0.8878103270817868,0.899650888236516
C0085166,0.9526521893912425,0.9485618087741859,0.8517134652690239
C0016665,0.9277777777777778,0.9353363060555425,0.8651819725024024
C0006846,0.938605619146722,0.9223090007847408,0.8700780414651211
C0025637,0.9663461538461537,0.9691410579620592,0.8895496968003828
C0426636,0.9467066991930944,0.9435357996998108,0.9629230673286656
C0027430,0.9584487534626038,0.9523941861400638,0.8924105659797462
